{
  "welcome-1" : {
    "transaction" : "welcome-1",
    "sampleCount" : 99,
    "errorCount" : 0,
    "errorPct" : 0.0,
    "meanResTime" : 451.82828282828297,
    "medianResTime" : 391.0,
    "minResTime" : 317.0,
    "maxResTime" : 1685.0,
    "pct1ResTime" : 644.0,
    "pct2ResTime" : 799.0,
    "pct3ResTime" : 1685.0,
    "throughput" : 3.540266056358175,
    "receivedKBytesPerSec" : 5.00179220381562,
    "sentKBytesPerSec" : 1.5315799443033902
  },
  "welcome-2" : {
    "transaction" : "welcome-2",
    "sampleCount" : 99,
    "errorCount" : 0,
    "errorPct" : 0.0,
    "meanResTime" : 15.848484848484853,
    "medianResTime" : 13.0,
    "minResTime" : 9.0,
    "maxResTime" : 42.0,
    "pct1ResTime" : 25.0,
    "pct2ResTime" : 30.0,
    "pct3ResTime" : 42.0,
    "throughput" : 3.766406695834126,
    "receivedKBytesPerSec" : 110.72647184706106,
    "sentKBytesPerSec" : 1.7838937963667492
  },
  "welcome-0" : {
    "transaction" : "welcome-0",
    "sampleCount" : 99,
    "errorCount" : 0,
    "errorPct" : 0.0,
    "meanResTime" : 259.20202020202026,
    "medianResTime" : 228.0,
    "minResTime" : 212.0,
    "maxResTime" : 436.0,
    "pct1ResTime" : 384.0,
    "pct2ResTime" : 412.0,
    "pct3ResTime" : 436.0,
    "throughput" : 3.589817970846327,
    "receivedKBytesPerSec" : 0.7680275604648633,
    "sentKBytesPerSec" : 1.553016954184495
  },
  "Total" : {
    "transaction" : "Total",
    "sampleCount" : 792,
    "errorCount" : 0,
    "errorPct" : 0.0,
    "meanResTime" : 492.5921717171716,
    "medianResTime" : 267.0,
    "minResTime" : 9.0,
    "maxResTime" : 3509.0,
    "pct1ResTime" : 1706.1000000000001,
    "pct2ResTime" : 1877.7499999999995,
    "pct3ResTime" : 2745.0899999999947,
    "throughput" : 27.008593643432,
    "receivedKBytesPerSec" : 479.7112513427568,
    "sentKBytesPerSec" : 21.37081347616287
  },
  "welcome-5" : {
    "transaction" : "welcome-5",
    "sampleCount" : 99,
    "errorCount" : 0,
    "errorPct" : 0.0,
    "meanResTime" : 372.5757575757576,
    "medianResTime" : 335.0,
    "minResTime" : 277.0,
    "maxResTime" : 1120.0,
    "pct1ResTime" : 442.0,
    "pct2ResTime" : 905.0,
    "pct3ResTime" : 1120.0,
    "throughput" : 3.725445924587943,
    "receivedKBytesPerSec" : 80.17363512032438,
    "sentKBytesPerSec" : 1.6990070769361028
  },
  "welcome" : {
    "transaction" : "welcome",
    "sampleCount" : 99,
    "errorCount" : 0,
    "errorPct" : 0.0,
    "meanResTime" : 1975.9595959595958,
    "medianResTime" : 1807.0,
    "minResTime" : 1649.0,
    "maxResTime" : 3509.0,
    "pct1ResTime" : 2568.0,
    "pct2ResTime" : 3162.0,
    "pct3ResTime" : 3509.0,
    "throughput" : 3.376074205429,
    "receivedKBytesPerSec" : 239.8556256713784,
    "sentKBytesPerSec" : 10.685406738081435
  },
  "welcome-6" : {
    "transaction" : "welcome-6",
    "sampleCount" : 99,
    "errorCount" : 0,
    "errorPct" : 0.0,
    "meanResTime" : 282.2525252525251,
    "medianResTime" : 236.0,
    "minResTime" : 224.0,
    "maxResTime" : 1238.0,
    "pct1ResTime" : 260.0,
    "pct2ResTime" : 777.0,
    "pct3ResTime" : 1238.0,
    "throughput" : 3.7751677852348995,
    "receivedKBytesPerSec" : 5.602200632054607,
    "sentKBytesPerSec" : 1.729056339135906
  },
  "welcome-3" : {
    "transaction" : "welcome-3",
    "sampleCount" : 99,
    "errorCount" : 0,
    "errorPct" : 0.0,
    "meanResTime" : 297.070707070707,
    "medianResTime" : 263.0,
    "minResTime" : 241.0,
    "maxResTime" : 910.0,
    "pct1ResTime" : 287.0,
    "pct2ResTime" : 754.0,
    "pct3ResTime" : 910.0,
    "throughput" : 3.7348624891538083,
    "receivedKBytesPerSec" : 30.619528273191985,
    "sentKBytesPerSec" : 1.6996542186969479
  },
  "welcome-4" : {
    "transaction" : "welcome-4",
    "sampleCount" : 99,
    "errorCount" : 0,
    "errorPct" : 0.0,
    "meanResTime" : 286.00000000000006,
    "medianResTime" : 265.0,
    "minResTime" : 240.0,
    "maxResTime" : 995.0,
    "pct1ResTime" : 290.0,
    "pct2ResTime" : 338.0,
    "pct3ResTime" : 995.0,
    "throughput" : 3.7348624891538083,
    "receivedKBytesPerSec" : 32.932891252782284,
    "sentKBytesPerSec" : 1.7069488719960764
  }
}