{
  "purchase-5" : {
    "transaction" : "purchase-5",
    "sampleCount" : 102,
    "errorCount" : 0,
    "errorPct" : 0.0,
    "meanResTime" : 250.95098039215682,
    "medianResTime" : 237.0,
    "minResTime" : 224.0,
    "maxResTime" : 634.0,
    "pct1ResTime" : 253.0,
    "pct2ResTime" : 318.54999999999984,
    "pct3ResTime" : 632.98,
    "throughput" : 3.8407952705501374,
    "receivedKBytesPerSec" : 5.622414170463531,
    "sentKBytesPerSec" : 2.2504659788379713
  },
  "purchase-4" : {
    "transaction" : "purchase-4",
    "sampleCount" : 102,
    "errorCount" : 0,
    "errorPct" : 0.0,
    "meanResTime" : 390.25490196078425,
    "medianResTime" : 337.0,
    "minResTime" : 298.0,
    "maxResTime" : 1166.0,
    "pct1ResTime" : 442.1,
    "pct2ResTime" : 954.5,
    "pct3ResTime" : 1163.1799999999998,
    "throughput" : 3.7801578771819293,
    "receivedKBytesPerSec" : 81.2182019118519,
    "sentKBytesPerSec" : 2.207553135307416
  },
  "Total" : {
    "transaction" : "Total",
    "sampleCount" : 714,
    "errorCount" : 0,
    "errorPct" : 0.0,
    "meanResTime" : 497.02801120448163,
    "medianResTime" : 279.0,
    "minResTime" : 8.0,
    "maxResTime" : 3325.0,
    "pct1ResTime" : 1503.0,
    "pct2ResTime" : 1637.5,
    "pct3ResTime" : 2561.9500000000003,
    "throughput" : 24.0801322046474,
    "receivedKBytesPerSec" : 489.04732344608954,
    "sentKBytesPerSec" : 24.792323614717883
  },
  "purchase" : {
    "transaction" : "purchase",
    "sampleCount" : 102,
    "errorCount" : 0,
    "errorPct" : 0.0,
    "meanResTime" : 1745.4705882352941,
    "medianResTime" : 1543.5,
    "minResTime" : 1413.0,
    "maxResTime" : 3325.0,
    "pct1ResTime" : 2499.9,
    "pct2ResTime" : 2813.0,
    "pct3ResTime" : 3315.7299999999996,
    "throughput" : 3.4400188863781995,
    "receivedKBytesPerSec" : 244.52366172304477,
    "sentKBytesPerSec" : 12.396161807358942
  },
  "purchase-3" : {
    "transaction" : "purchase-3",
    "sampleCount" : 102,
    "errorCount" : 0,
    "errorPct" : 0.0,
    "meanResTime" : 311.4803921568628,
    "medianResTime" : 268.5,
    "minResTime" : 252.0,
    "maxResTime" : 1006.0,
    "pct1ResTime" : 497.5000000000002,
    "pct2ResTime" : 564.85,
    "pct3ResTime" : 1005.1899999999999,
    "throughput" : 3.789004457652303,
    "receivedKBytesPerSec" : 33.443529148867015,
    "sentKBytesPerSec" : 2.2164195997399703
  },
  "purchase-2" : {
    "transaction" : "purchase-2",
    "sampleCount" : 102,
    "errorCount" : 0,
    "errorPct" : 0.0,
    "meanResTime" : 304.0196078431372,
    "medianResTime" : 264.0,
    "minResTime" : 235.0,
    "maxResTime" : 940.0,
    "pct1ResTime" : 288.0,
    "pct2ResTime" : 808.0999999999997,
    "pct3ResTime" : 938.4399999999999,
    "throughput" : 3.7897083410737507,
    "receivedKBytesPerSec" : 31.09401849572729,
    "sentKBytesPerSec" : 2.2094295699424116
  },
  "purchase-1" : {
    "transaction" : "purchase-1",
    "sampleCount" : 102,
    "errorCount" : 0,
    "errorPct" : 0.0,
    "meanResTime" : 14.715686274509807,
    "medianResTime" : 12.0,
    "minResTime" : 8.0,
    "maxResTime" : 43.0,
    "pct1ResTime" : 23.0,
    "pct2ResTime" : 27.0,
    "pct3ResTime" : 42.849999999999994,
    "throughput" : 3.8228018889138746,
    "receivedKBytesPerSec" : 112.39186881605578,
    "sentKBytesPerSec" : 2.299654261299753
  },
  "purchase-0" : {
    "transaction" : "purchase-0",
    "sampleCount" : 102,
    "errorCount" : 0,
    "errorPct" : 0.0,
    "meanResTime" : 462.3039215686272,
    "medianResTime" : 399.5,
    "minResTime" : 321.0,
    "maxResTime" : 1969.0,
    "pct1ResTime" : 605.5,
    "pct2ResTime" : 838.6999999999998,
    "pct3ResTime" : 1942.149999999999,
    "throughput" : 3.5735556879094696,
    "receivedKBytesPerSec" : 6.078924506446414,
    "sentKBytesPerSec" : 2.3730643240023825
  }
}