{
  "confirm" : {
    "transaction" : "confirm",
    "sampleCount" : 105,
    "errorCount" : 0,
    "errorPct" : 0.0,
    "meanResTime" : 1675.6285714285711,
    "medianResTime" : 1492.0,
    "minResTime" : 1318.0,
    "maxResTime" : 3240.0,
    "pct1ResTime" : 2281.0,
    "pct2ResTime" : 2861.4999999999995,
    "pct3ResTime" : 3231.8399999999997,
    "throughput" : 3.783647436128428,
    "receivedKBytesPerSec" : 268.13740242468737,
    "sentKBytesPerSec" : 14.059353998504557
  },
  "confirm-0" : {
    "transaction" : "confirm-0",
    "sampleCount" : 105,
    "errorCount" : 0,
    "errorPct" : 0.0,
    "meanResTime" : 443.114285714286,
    "medianResTime" : 382.0,
    "minResTime" : 321.0,
    "maxResTime" : 1743.0,
    "pct1ResTime" : 501.0000000000002,
    "pct2ResTime" : 699.8999999999992,
    "pct3ResTime" : 1742.28,
    "throughput" : 3.9436619718309855,
    "receivedKBytesPerSec" : 5.896713615023474,
    "sentKBytesPerSec" : 3.042473591549296
  },
  "confirm-3" : {
    "transaction" : "confirm-3",
    "sampleCount" : 105,
    "errorCount" : 0,
    "errorPct" : 0.0,
    "meanResTime" : 295.22857142857146,
    "medianResTime" : 261.0,
    "minResTime" : 242.0,
    "maxResTime" : 1013.0,
    "pct1ResTime" : 279.6,
    "pct2ResTime" : 463.09999999999997,
    "pct3ResTime" : 1012.64,
    "throughput" : 4.184600669536107,
    "receivedKBytesPerSec" : 36.866479791865935,
    "sentKBytesPerSec" : 2.451914454806313
  },
  "confirm-4" : {
    "transaction" : "confirm-4",
    "sampleCount" : 105,
    "errorCount" : 0,
    "errorPct" : 0.0,
    "meanResTime" : 355.00952380952367,
    "medianResTime" : 329.0,
    "minResTime" : 268.0,
    "maxResTime" : 1199.0,
    "pct1ResTime" : 432.4,
    "pct2ResTime" : 459.1999999999998,
    "pct3ResTime" : 1193.4799999999998,
    "throughput" : 4.169644984512748,
    "receivedKBytesPerSec" : 89.67369890943928,
    "sentKBytesPerSec" : 2.4390794391827497
  },
  "confirm-1" : {
    "transaction" : "confirm-1",
    "sampleCount" : 105,
    "errorCount" : 0,
    "errorPct" : 0.0,
    "meanResTime" : 16.133333333333326,
    "medianResTime" : 13.0,
    "minResTime" : 9.0,
    "maxResTime" : 59.0,
    "pct1ResTime" : 25.0,
    "pct2ResTime" : 34.39999999999998,
    "pct3ResTime" : 59.0,
    "throughput" : 4.220426866031593,
    "receivedKBytesPerSec" : 124.07395544435064,
    "sentKBytesPerSec" : 2.542972047208489
  },
  "Total" : {
    "transaction" : "Total",
    "sampleCount" : 735,
    "errorCount" : 0,
    "errorPct" : 0.0,
    "meanResTime" : 477.3904761904761,
    "medianResTime" : 267.0,
    "minResTime" : 9.0,
    "maxResTime" : 3240.0,
    "pct1ResTime" : 1461.1999999999998,
    "pct2ResTime" : 1549.1999999999998,
    "pct3ResTime" : 2585.359999999997,
    "throughput" : 26.485532052898993,
    "receivedKBytesPerSec" : 536.2748048493747,
    "sentKBytesPerSec" : 28.118707997009114
  },
  "confirm-2" : {
    "transaction" : "confirm-2",
    "sampleCount" : 105,
    "errorCount" : 0,
    "errorPct" : 0.0,
    "meanResTime" : 288.7428571428572,
    "medianResTime" : 260.0,
    "minResTime" : 243.0,
    "maxResTime" : 889.0,
    "pct1ResTime" : 277.20000000000005,
    "pct2ResTime" : 690.4999999999966,
    "pct3ResTime" : 886.7199999999999,
    "throughput" : 4.186435947530003,
    "receivedKBytesPerSec" : 34.26312808998844,
    "sentKBytesPerSec" : 2.4448131802958417
  },
  "confirm-5" : {
    "transaction" : "confirm-5",
    "sampleCount" : 105,
    "errorCount" : 0,
    "errorPct" : 0.0,
    "meanResTime" : 267.8761904761906,
    "medianResTime" : 235.0,
    "minResTime" : 219.0,
    "maxResTime" : 928.0,
    "pct1ResTime" : 246.20000000000002,
    "pct2ResTime" : 697.0999999999995,
    "pct3ResTime" : 927.8199999999999,
    "throughput" : 4.220426866031593,
    "receivedKBytesPerSec" : 6.217082868583946,
    "sentKBytesPerSec" : 2.477027877426745
  }
}