{
  "welcome-1" : {
    "transaction" : "welcome-1",
    "sampleCount" : 77,
    "errorCount" : 0,
    "errorPct" : 0.0,
    "meanResTime" : 414.01298701298714,
    "medianResTime" : 370.0,
    "minResTime" : 316.0,
    "maxResTime" : 1975.0,
    "pct1ResTime" : 438.8,
    "pct2ResTime" : 510.5999999999998,
    "pct3ResTime" : 1975.0,
    "throughput" : 2.6505111700113595,
    "receivedKBytesPerSec" : 3.759955552304568,
    "sentKBytesPerSec" : 1.1466566878076487
  },
  "Find flights-1" : {
    "transaction" : "Find flights-1",
    "sampleCount" : 70,
    "errorCount" : 0,
    "errorPct" : 0.0,
    "meanResTime" : 359.2857142857144,
    "medianResTime" : 343.5,
    "minResTime" : 315.0,
    "maxResTime" : 806.0,
    "pct1ResTime" : 397.6,
    "pct2ResTime" : 428.15000000000003,
    "pct3ResTime" : 806.0,
    "throughput" : 2.762976119992106,
    "receivedKBytesPerSec" : 4.040852575488454,
    "sentKBytesPerSec" : 1.5487776297612
  },
  "welcome-2" : {
    "transaction" : "welcome-2",
    "sampleCount" : 77,
    "errorCount" : 0,
    "errorPct" : 0.0,
    "meanResTime" : 15.662337662337665,
    "medianResTime" : 13.0,
    "minResTime" : 9.0,
    "maxResTime" : 36.0,
    "pct1ResTime" : 24.200000000000003,
    "pct2ResTime" : 26.0,
    "pct3ResTime" : 36.0,
    "throughput" : 2.8471066740617488,
    "receivedKBytesPerSec" : 83.70048761323719,
    "sentKBytesPerSec" : 1.3484831415233869
  },
  "Find flights-2" : {
    "transaction" : "Find flights-2",
    "sampleCount" : 70,
    "errorCount" : 0,
    "errorPct" : 0.0,
    "meanResTime" : 12.299999999999999,
    "medianResTime" : 12.0,
    "minResTime" : 9.0,
    "maxResTime" : 29.0,
    "pct1ResTime" : 15.0,
    "pct2ResTime" : 16.0,
    "pct3ResTime" : 29.0,
    "throughput" : 2.7982091461464664,
    "receivedKBytesPerSec" : 82.26297669491527,
    "sentKBytesPerSec" : 1.6532388021666136
  },
  "Find flights-3" : {
    "transaction" : "Find flights-3",
    "sampleCount" : 70,
    "errorCount" : 0,
    "errorPct" : 0.0,
    "meanResTime" : 281.6,
    "medianResTime" : 261.0,
    "minResTime" : 228.0,
    "maxResTime" : 886.0,
    "pct1ResTime" : 275.8,
    "pct2ResTime" : 465.70000000000005,
    "pct3ResTime" : 886.0,
    "throughput" : 2.770411999841691,
    "receivedKBytesPerSec" : 22.694729662207624,
    "sentKBytesPerSec" : 1.5854115545969052
  },
  "welcome-0" : {
    "transaction" : "welcome-0",
    "sampleCount" : 77,
    "errorCount" : 0,
    "errorPct" : 0.0,
    "meanResTime" : 252.46753246753246,
    "medianResTime" : 229.0,
    "minResTime" : 216.0,
    "maxResTime" : 437.0,
    "pct1ResTime" : 342.2,
    "pct2ResTime" : 354.29999999999995,
    "pct3ResTime" : 437.0,
    "throughput" : 2.660217654171705,
    "receivedKBytesPerSec" : 0.569203176282605,
    "sentKBytesPerSec" : 1.1508558796856105
  },
  "Find flights-4" : {
    "transaction" : "Find flights-4",
    "sampleCount" : 70,
    "errorCount" : 0,
    "errorPct" : 0.0,
    "meanResTime" : 287.02857142857135,
    "medianResTime" : 259.0,
    "minResTime" : 233.0,
    "maxResTime" : 988.0,
    "pct1ResTime" : 280.3,
    "pct2ResTime" : 601.900000000001,
    "pct3ResTime" : 988.0,
    "throughput" : 2.768111357165454,
    "receivedKBytesPerSec" : 24.431633519357007,
    "sentKBytesPerSec" : 1.5895014433723504
  },
  "Find flights-5" : {
    "transaction" : "Find flights-5",
    "sampleCount" : 70,
    "errorCount" : 0,
    "errorPct" : 0.0,
    "meanResTime" : 362.2142857142858,
    "medianResTime" : 320.5,
    "minResTime" : 237.0,
    "maxResTime" : 1201.0,
    "pct1ResTime" : 428.39999999999986,
    "pct2ResTime" : 788.6500000000008,
    "pct3ResTime" : 1201.0,
    "throughput" : 2.757533976757928,
    "receivedKBytesPerSec" : 59.26589890683474,
    "sentKBytesPerSec" : 1.5807348089422886
  },
  "Find flights-6" : {
    "transaction" : "Find flights-6",
    "sampleCount" : 70,
    "errorCount" : 0,
    "errorPct" : 0.0,
    "meanResTime" : 242.89999999999995,
    "medianResTime" : 233.5,
    "minResTime" : 227.0,
    "maxResTime" : 592.0,
    "pct1ResTime" : 244.9,
    "pct2ResTime" : 248.9,
    "pct3ResTime" : 592.0,
    "throughput" : 2.765158996642307,
    "receivedKBytesPerSec" : 4.057623938376456,
    "sentKBytesPerSec" : 1.5905064931858581
  },
  "welcome-5" : {
    "transaction" : "welcome-5",
    "sampleCount" : 77,
    "errorCount" : 0,
    "errorPct" : 0.0,
    "meanResTime" : 376.79220779220776,
    "medianResTime" : 320.0,
    "minResTime" : 239.0,
    "maxResTime" : 1202.0,
    "pct1ResTime" : 492.0000000000001,
    "pct2ResTime" : 1087.1999999999994,
    "pct3ResTime" : 1202.0,
    "throughput" : 2.818654367083974,
    "receivedKBytesPerSec" : 60.62073026484369,
    "sentKBytesPerSec" : 1.285460536550992
  },
  "welcome-6" : {
    "transaction" : "welcome-6",
    "sampleCount" : 77,
    "errorCount" : 0,
    "errorPct" : 0.0,
    "meanResTime" : 243.2337662337663,
    "medianResTime" : 233.0,
    "minResTime" : 223.0,
    "maxResTime" : 683.0,
    "pct1ResTime" : 243.4,
    "pct2ResTime" : 262.79999999999944,
    "pct3ResTime" : 683.0,
    "throughput" : 2.8584156210557574,
    "receivedKBytesPerSec" : 4.18937989550078,
    "sentKBytesPerSec" : 1.3091766858155767
  },
  "welcome-3" : {
    "transaction" : "welcome-3",
    "sampleCount" : 77,
    "errorCount" : 0,
    "errorPct" : 0.0,
    "meanResTime" : 283.844155844156,
    "medianResTime" : 262.0,
    "minResTime" : 242.0,
    "maxResTime" : 917.0,
    "pct1ResTime" : 276.4,
    "pct2ResTime" : 339.49999999999693,
    "pct3ResTime" : 917.0,
    "throughput" : 2.8244442814173576,
    "receivedKBytesPerSec" : 23.162284326626807,
    "sentKBytesPerSec" : 1.2853428077543834
  },
  "welcome-4" : {
    "transaction" : "welcome-4",
    "sampleCount" : 77,
    "errorCount" : 0,
    "errorPct" : 0.0,
    "meanResTime" : 276.8831168831169,
    "medianResTime" : 263.0,
    "minResTime" : 225.0,
    "maxResTime" : 996.0,
    "pct1ResTime" : 278.8,
    "pct2ResTime" : 370.0999999999999,
    "pct3ResTime" : 996.0,
    "throughput" : 2.8226841159866565,
    "receivedKBytesPerSec" : 24.900285304171707,
    "sentKBytesPerSec" : 1.2900548498845266
  },
  "Find flights" : {
    "transaction" : "Find flights",
    "sampleCount" : 70,
    "errorCount" : 0,
    "errorPct" : 0.0,
    "meanResTime" : 1771.2714285714285,
    "medianResTime" : 1662.5,
    "minResTime" : 1512.0,
    "maxResTime" : 3195.0,
    "pct1ResTime" : 2370.6,
    "pct2ResTime" : 2637.0000000000005,
    "pct3ResTime" : 3195.0,
    "throughput" : 2.6246719160104988,
    "receivedKBytesPerSec" : 186.5176887068804,
    "sentKBytesPerSec" : 10.649913877952756
  },
  "Total" : {
    "transaction" : "Total",
    "sampleCount" : 1176,
    "errorCount" : 0,
    "errorPct" : 0.0,
    "meanResTime" : 455.4226190476188,
    "medianResTime" : 263.0,
    "minResTime" : 9.0,
    "maxResTime" : 3651.0,
    "pct1ResTime" : 1632.0,
    "pct2ResTime" : 1709.1499999999999,
    "pct3ResTime" : 2532.8300000000004,
    "throughput" : 38.739005830615675,
    "receivedKBytesPerSec" : 688.0395429802023,
    "sentKBytesPerSec" : 34.76899633939454
  },
  "welcome" : {
    "transaction" : "welcome",
    "sampleCount" : 77,
    "errorCount" : 0,
    "errorPct" : 0.0,
    "meanResTime" : 1874.7662337662337,
    "medianResTime" : 1715.0,
    "minResTime" : 1539.0,
    "maxResTime" : 3651.0,
    "pct1ResTime" : 2519.2,
    "pct2ResTime" : 2860.9999999999977,
    "pct3ResTime" : 3651.0,
    "throughput" : 2.5364825246236453,
    "receivedKBytesPerSec" : 180.15553069514445,
    "sentKBytesPerSec" : 8.028066271782455
  },
  "Find flights-0" : {
    "transaction" : "Find flights-0",
    "sampleCount" : 70,
    "errorCount" : 0,
    "errorPct" : 0.0,
    "meanResTime" : 223.07142857142858,
    "medianResTime" : 222.0,
    "minResTime" : 211.0,
    "maxResTime" : 240.0,
    "pct1ResTime" : 229.0,
    "pct2ResTime" : 231.9,
    "pct3ResTime" : 240.0,
    "throughput" : 2.781862258077336,
    "receivedKBytesPerSec" : 0.6248323431228391,